id,time,magnitude,magtype,depth,latitude,longitude,distance,trigger_index
usp0009mzq,2000-02-03 06:53:47.300000+00:00,2.7,ml,16.1,28.651,-14.994,280.71,1253.887
usp0009u1x,2000-06-05 11:12:03.400000+00:00,3.3,mblg,18.8,28.044,-16.205,174.715,391.137
usp000a1nq,2000-10-12 09:41:44.700000+00:00,2.9,mblg,15.4,27.482,-15.649,251.636,892.839
usp000a857,2001-01-22 16:35:16.280000+00:00,3.3,mblg,10.0,29.492,-14.47,344.706,771.7
usp000a8xq,2001-02-02 18:26:27.670000+00:00,3.0,mblg,0.0,27.991,-15.04,285.568,903.045
usp000ab4f,2001-03-09 00:55:09.600000+00:00,3.4,mblg,30.0,27.425,-17.577,135.279,269.918
usp000ab7y,2001-03-11 15:02:47.610000+00:00,2.9,mblg,0.0,28.058,-16.168,177.54,629.934
usp000amga,2001-08-15 03:30:27.850000+00:00,3.1,mblg,20.4,28.441,-16.66,119.567,336.986
usp000apxn,2001-09-28 10:54:12.720000+00:00,2.6,mblg,15.0,28.198,-15.025,282.055,1413.625
usp000arf9,2001-10-22 22:18:05.240000+00:00,2.5,mblg,0.0,28.237,-16.371,152.295,856.418
usp000arkz,2001-10-25 05:04:11.910000+00:00,2.9,mblg,0.0,28.131,-16.209,171.006,606.753
usp000as2f,2001-11-02 01:24:18.310000+00:00,2.4,mblg,8.8,28.249,-16.356,153.341,967.516
usp000asaq,2001-11-06 02:48:40.430000+00:00,2.9,mblg,0.0,28.28,-16.425,145.903,517.683
usp000at23,2001-11-18 02:46:28.130000+00:00,2.9,mblg,0.0,28.178,-16.248,165.747,588.092
usp000atet,2001-11-25 04:49:34.640000+00:00,2.9,mblg,29.6,28.852,-15.883,195.455,693.5
usp000atkp,2001-11-27 19:56:02.730000+00:00,2.6,mblg,0.0,28.106,-16.244,168.683,845.417
usp000atsf,2001-11-30 22:59:37.020000+00:00,2.5,mblg,0.0,27.542,-17.859,119.227,670.464
usp000au78,2001-12-08 01:36:53.190000+00:00,2.7,mblg,0.0,27.814,-16.566,155.535,694.749
usp000aujw,2001-12-13 19:06:59.810000+00:00,2.6,mblg,0.0,27.787,-14.363,355.807,1783.258
usp000avrp,2002-01-03 10:35:28.840000+00:00,2.5,mblg,1.5,27.733,-14.981,299.634,1684.967
usp000azcy,2002-03-01 05:36:19.800000+00:00,2.7,mblg,0.0,28.06,-16.162,178.012,795.152
usp000azhm,2002-03-03 13:30:18.810000+00:00,2.7,mblg,0.2,28.258,-15.052,278.345,1243.319
usp000aztk,2002-03-06 16:35:00.950000+00:00,2.4,mblg,0.0,28.244,-16.175,170.63,1076.605
usp000azut,2002-03-07 02:08:05.050000+00:00,2.9,mblg,17.0,28.076,-16.249,169.392,601.026
usp000b0dt,2002-03-16 02:50:50.840000+00:00,3.1,mblg,0.0,28.104,-16.16,176.531,497.533
usp000b0vy,2002-03-23 03:03:45.010000+00:00,3.2,mblg,0.0,28.077,-16.206,173.301,435.312
usp000b3e6,2002-04-30 02:58:21.110000+00:00,2.9,mblg,0.0,29.169,-14.642,320.321,1136.542
usp000b3f2,2002-04-30 16:01:38.590000+00:00,2.9,mblg,0.0,28.088,-16.192,174.167,617.967
usp000b41u,2002-05-10 01:14:03.960000+00:00,2.6,mblg,24.7,28.14,-16.153,175.913,881.654
usp000b4hb,2002-05-18 02:25:14.180000+00:00,2.8,mblg,0.0,28.136,-16.246,167.388,666.384
usp000b4up,2002-05-23 15:13:23.750000+00:00,2.9,mblg,0.0,29.156,-14.458,337.691,1198.173
usp000b5hv,2002-06-04 23:12:36.440000+00:00,3.0,mblg,0.0,28.042,-16.162,178.728,565.189
usp000b62m,2002-06-13 05:17:19.430000+00:00,3.4,mblg,10.0,32.262,-16.657,422.457,842.913
usp000b6ng,2002-06-21 14:51:10.620000+00:00,3.3,mblg,0.0,28.09,-16.155,177.511,397.397
usp000b6p5,2002-06-21 22:29:20.310000+00:00,2.8,mblg,28.0,28.027,-15.762,216.322,861.192
usp000b6um,2002-06-24 11:48:05.770000+00:00,2.7,mblg,4.0,28.15,-16.14,176.793,789.706
usp000b7x4,2002-07-11 07:30:16.770000+00:00,3.1,mblg,0.0,27.991,-16.129,183.854,518.171
usp000b8uv,2002-07-26 23:43:52.910000+00:00,2.0,mblg,13.0,28.11,-16.159,176.406,1764.064
usp000b8vu,2002-07-27 14:50:42.800000+00:00,2.4,mblg,24.6,28.004,-16.782,126.088,795.559
usp000bbz6,2002-09-11 09:14:33.290000+00:00,2.3,mblg,0.0,28.086,-16.175,175.812,1244.653
usp000bc58,2002-09-13 13:57:23.720000+00:00,2.5,mblg,32.5,28.145,-16.36,156.497,880.048
usp000bctb,2002-09-21 10:46:11.390000+00:00,2.5,mblg,0.0,28.08,-16.172,176.317,991.504
usp000bcth,2002-09-21 12:07:37.520000+00:00,2.5,mblg,0.0,28.171,-16.163,173.948,978.183
usp000bdsq,2002-10-04 13:49:05.850000+00:00,2.8,mblg,22.3,28.02,-16.182,177.809,707.869
usp000be1v,2002-10-08 09:33:49.450000+00:00,2.5,mblg,0.0,28.112,-16.188,173.642,976.46
usp000bfj1,2002-10-28 19:19:41.170000+00:00,2.8,mblg,0.0,28.186,-16.129,176.676,703.361
usp000bft5,2002-11-01 10:51:47.490000+00:00,2.5,mblg,6.6,28.108,-16.205,172.214,968.428
usp000bhbe,2002-11-10 17:07:17.480000+00:00,2.6,mblg,0.0,28.129,-16.143,177.225,888.227
usp000bj9b,2002-11-24 05:35:02.690000+00:00,3.1,mblg,0.0,28.155,-16.148,175.878,495.691
usp000bky8,2002-12-18 21:47:56.350000+00:00,2.8,mblg,0.0,28.174,-16.142,175.826,699.977
usp000bm7u,2002-12-23 03:51:21.010000+00:00,2.9,mblg,1.6,28.721,-16.291,154.376,547.748
usp000bp06,2003-01-22 18:37:12.570000+00:00,3.0,mblg,0.0,28.048,-16.159,178.763,565.297
usp000bp3b,2003-01-24 05:06:14.930000+00:00,2.1,mblg,26.4,28.069,-16.136,180.059,1604.773
usp000bppd,2003-01-31 08:30:31.230000+00:00,3.3,mblg,0.0,28.142,-16.181,173.23,387.813
usp000bpuw,2003-02-02 16:17:40.030000+00:00,3.0,mblg,0.0,28.108,-16.247,168.33,532.307
usp000bq2t,2003-02-06 05:41:34.940000+00:00,2.6,mblg,8.9,28.141,-16.188,172.611,865.103
usp000bq33,2003-02-06 09:56:29.240000+00:00,2.1,mblg,21.7,28.339,-16.281,158.136,1409.385
usp000bq44,2003-02-06 18:58:46.060000+00:00,2.9,mblg,0.0,28.067,-16.095,183.921,652.578
usp000bq8t,2003-02-08 15:13:24.440000+00:00,2.8,mblg,0.0,28.091,-16.13,179.789,715.754
usp000bq9s,2003-02-09 00:47:51.380000+00:00,2.8,mblg,27.0,28.052,-16.132,181.084,720.91
usp000bqat,2003-02-09 13:20:50.170000+00:00,2.9,mblg,25.8,28.064,-16.126,181.172,642.823
usp000bqba,2003-02-09 19:00:24.300000+00:00,2.0,mblg,33.3,28.065,-16.141,179.751,1797.509
usp000bqjg,2003-02-12 23:40:19.880000+00:00,2.7,mblg,0.0,28.094,-16.145,178.289,796.386
usp000brnv,2003-02-28 16:42:14.600000+00:00,2.7,mblg,10.3,28.133,-16.194,172.331,769.775
usp000brrz,2003-03-02 00:07:46.240000+00:00,3.1,mblg,31.0,27.993,-16.164,180.594,508.984
usp000bs4q,2003-03-07 12:31:14.710000+00:00,2.5,mblg,0.0,28.367,-15.891,195.231,1097.867
usp000btcq,2003-03-24 05:32:44.480000+00:00,2.5,mblg,0.0,28.449,-15.088,272.368,1531.639
usp000btd3,2003-03-24 08:11:20.220000+00:00,2.5,mblg,0.0,28.206,-16.371,153.3,862.068
usp000btf7,2003-03-25 03:11:34.590000+00:00,2.3,mblg,0.0,28.069,-16.142,179.505,1270.798
usp000btta,2003-03-29 20:04:54.110000+00:00,2.3,mblg,10.8,27.781,-16.725,145.345,1028.965
usp000buf6,2003-04-05 17:46:41.290000+00:00,2.9,mblg,24.0,28.024,-16.184,177.459,629.647
usp000bufp,2003-04-05 20:54:58.110000+00:00,2.2,mblg,28.5,28.086,-16.226,171.11,1359.177
usp000buq2,2003-04-08 10:43:21.860000+00:00,2.9,mblg,0.0,28.034,-16.225,173.308,614.919
usp000buut,2003-04-10 04:50:57.840000+00:00,2.3,mblg,27.8,28.147,-16.189,172.311,1219.867
usp000bw5w,2003-04-28 23:22:40.970000+00:00,3.3,mblg,23.8,28.215,-16.192,169.851,380.249
usp000bwq4,2003-05-06 06:29:57.890000+00:00,4.2,mblg,21.3,27.72,-18.107,102.168,81.155
usp000bxfs,2003-05-18 18:45:34.190000+00:00,2.6,mblg,3.3,28.087,-16.113,181.512,909.716
usp000by0f,2003-05-24 04:26:18.350000+00:00,1.9,mblg,0.0,28.224,-16.331,156.467,1755.588
usp000by1x,2003-05-24 17:23:22.850000+00:00,2.7,mblg,10.0,32.294,-16.514,429.819,1919.93
usp000by58,2003-05-25 22:19:49.470000+00:00,2.9,mblg,26.8,28.099,-16.235,169.78,602.402
usp000by7f,2003-05-26 17:03:28.030000+00:00,2.4,mblg,0.0,28.182,-16.136,176.14,1111.368
usp000bzay,2003-06-07 22:59:52.420000+00:00,1.9,mblg,0.0,28.119,-16.501,144.64,1622.886
usp000bzg0,2003-06-09 14:31:21.060000+00:00,1.9,mblg,0.0,28.103,-16.184,174.343,1956.164
usp000bzh3,2003-06-10 00:09:13.910000+00:00,2.3,mblg,0.0,27.985,-17.831,69.998,495.55
usp000bzv4,2003-06-14 15:00:26.760000+00:00,1.2,mblg,13.4,28.081,-16.233,170.662,4286.838
usp000c01h,2003-06-16 21:40:21.340000+00:00,1.6,mblg,24.2,28.181,-16.177,172.312,2730.966
usp000c067,2003-06-18 17:56:01.770000+00:00,2.3,mblg,33.6,27.636,-18.161,112.532,796.664
usp000c0ks,2003-06-22 09:58:36.780000+00:00,1.6,mblg,0.0,28.088,-16.201,173.336,2747.196
usp000c2nj,2003-07-16 16:47:09.430000+00:00,1.8,mblg,15.1,28.206,-16.205,168.895,2126.263
usp000c2uh,2003-07-18 21:54:31.550000+00:00,2.0,mblg,24.1,28.041,-16.152,179.685,1796.846
usp000c39s,2003-07-25 05:47:33.130000+00:00,2.3,mblg,16.3,28.041,-16.166,178.402,1262.993
usp000c3mh,2003-07-29 03:47:08.920000+00:00,2.9,mblg,27.5,28.119,-16.214,170.975,606.641
usp000c4hy,2003-08-10 06:29:49.650000+00:00,2.0,mblg,0.0,29.036,-16.235,165.956,1659.563
usp000c4pf,2003-08-12 11:23:46.190000+00:00,1.8,mblg,10.0,28.126,-16.204,171.65,2160.942
usp000c5bv,2003-08-19 12:25:24.520000+00:00,2.3,mblg,0.0,28.174,-16.176,172.631,1222.13
usp000c67g,2003-08-29 20:12:01.630000+00:00,1.3,mblg,1.8,28.19,-14.969,287.621,6439.022
usp000c6ab,2003-08-30 20:28:25.660000+00:00,2.0,mblg,15.2,28.198,-16.289,161.246,1612.457
usp000c6ac,2003-08-30 20:28:40.830000+00:00,2.5,mblg,20.0,28.129,-16.147,176.851,994.509
usp000c6ad,2003-08-30 20:32:42.680000+00:00,2.5,mblg,21.6,28.115,-16.137,178.274,1002.506
usp000c6af,2003-08-30 20:52:56.370000+00:00,1.2,mblg,20.0,28.137,-16.157,175.642,4411.93
usp000c6b2,2003-08-31 00:58:21.920000+00:00,2.2,mblg,27.3,28.101,-16.138,178.682,1419.323
usp000c6ce,2003-08-31 10:39:59.590000+00:00,2.5,mblg,24.6,28.133,-16.15,176.433,992.157
usp000c6ft,2003-09-01 20:01:18.530000+00:00,1.4,mblg,20.0,28.134,-16.15,176.399,3519.618
usp000c6ps,2003-09-04 02:08:15.690000+00:00,1.1,mblg,0.0,28.145,-16.141,176.866,4984.771
usp000c7ym,2003-09-18 22:42:55.260000+00:00,3.2,mblg,0.0,28.312,-21.48,355.176,892.163
usp000c7zh,2003-09-19 05:48:16.450000+00:00,1.5,mblg,0.0,28.311,-15.961,189.508,3369.981
usp000c81k,2003-09-19 21:59:53.610000+00:00,1.4,mblg,0.0,28.364,-16.485,138.001,2753.489
usp000c8cg,2003-09-23 05:48:26.940000+00:00,1.5,mblg,27.0,28.213,-16.096,178.998,3183.084
usp000c8dc,2003-09-23 12:22:26.890000+00:00,1.8,mblg,21.6,28.138,-16.216,170.106,2141.512
usp000c8hd,2003-09-24 22:13:21.120000+00:00,1.8,mblg,23.6,28.293,-16.349,152.756,1923.087
usp000c950,2003-09-30 10:04:22.490000+00:00,1.7,mblg,30.2,28.093,-16.284,165.505,2337.823
usp000ca18,2003-10-10 00:10:32.250000+00:00,1.2,mblg,0.0,28.216,-16.345,155.407,3903.637
usp000capq,2003-10-18 12:32:13.490000+00:00,1.3,mblg,0.0,28.16,-16.24,167.103,3740.968
usp000cbgk,2003-10-28 22:42:27.270000+00:00,2.9,mblg,0.0,27.964,-15.543,238.961,847.867
usp000cc2q,2003-11-04 21:42:31.610000+00:00,1.7,mblg,26.4,28.106,-16.172,175.345,2476.816
usp000cccn,2003-11-08 18:26:22.500000+00:00,2.5,mblg,0.0,28.118,-16.142,177.702,999.293
usp000cczq,2003-11-16 16:47:18.200000+00:00,1.4,mblg,0.0,28.131,-16.196,172.216,3436.152
usp000cd10,2003-11-16 23:58:19.210000+00:00,2.3,mblg,23.5,28.019,-15.031,285.651,2022.252
usp000cdfj,2003-11-20 05:04:51.010000+00:00,1.0,mblg,0.0,28.112,-16.223,170.399,5388.483
usp000cdn5,2003-11-22 06:20:47.440000+00:00,1.8,mblg,11.0,28.027,-16.167,178.884,2252.011
usp000cexz,2003-12-10 07:01:08.990000+00:00,2.0,mblg,16.9,28.042,-16.174,177.63,1776.298
usp000cf32,2003-12-12 04:22:50.200000+00:00,1.3,mblg,0.0,28.154,-16.346,157.457,3525.019
usp000cfxk,2003-12-24 06:51:00.510000+00:00,1.5,mblg,0.0,27.874,-15.634,233.895,4159.309
usp000cggr,2003-12-29 21:38:57.870000+00:00,1.6,mblg,7.5,28.134,-16.262,165.976,2630.534
usp000ch1m,2004-01-04 02:49:36.580000+00:00,1.8,mblg,0.0,28.117,-16.214,171.048,2153.366
usp000ch9e,2004-01-06 11:05:43.620000+00:00,2.0,mblg,30.0,29.194,-16.546,144.043,1440.435
usp000char,2004-01-07 00:20:51.270000+00:00,1.5,mblg,0.0,28.441,-16.319,152.581,2713.313
usp000chx6,2004-01-15 04:42:54.020000+00:00,2.1,mblg,20.0,28.533,-14.681,311.56,2776.785
usp000cka1,2004-02-03 03:57:49.500000+00:00,2.3,mblg,0.0,29.415,-17.083,117.435,831.379
usp000ckk2,2004-02-06 20:37:31.670000+00:00,1.6,mblg,11.3,28.121,-16.14,177.783,2817.67
usp000cktg,2004-02-09 06:39:12.570000+00:00,1.5,mblg,12.7,28.247,-16.391,150.101,2669.213
usp000ckx8,2004-02-10 21:10:15.050000+00:00,2.5,mblg,27.9,28.025,-16.183,177.508,998.201
usp000cm23,2004-02-12 16:35:37.550000+00:00,1.9,mblg,25.0,28.127,-16.165,175.243,1966.261
usp000cmur,2004-02-23 01:17:42.650000+00:00,1.3,mblg,23.9,28.085,-16.23,170.781,3823.315
usp000cmwu,2004-02-23 21:26:35.030000+00:00,1.5,mblg,8.0,28.227,-16.294,159.859,2842.735
usp000cpyp,2004-03-14 20:10:38.830000+00:00,2.2,mblg,20.4,28.048,-16.138,180.69,1435.272
usp000cq6t,2004-03-17 22:47:54.770000+00:00,1.6,mblg,0.0,28.148,-16.153,175.643,2783.748
usp000cqgb,2004-03-21 01:02:47.490000+00:00,1.2,mblg,0.0,28.134,-16.145,176.866,4442.664
usp000cqpp,2004-03-23 15:05:20.310000+00:00,2.3,mblg,22.0,27.589,-17.969,114.434,810.132
usp000cqx8,2004-03-26 07:03:26.420000+00:00,1.8,mblg,28.2,28.637,-16.178,165.032,2077.634
usp000cr08,2004-03-27 07:05:14.790000+00:00,1.9,mblg,0.0,28.131,-16.162,175.383,1967.829
usp000cr54,2004-03-28 19:29:42.190000+00:00,1.5,mblg,0.0,28.148,-16.142,176.672,3141.728
usp000cs6g,2004-04-10 21:26:22.300000+00:00,1.9,mblg,25.3,27.913,-15.04,287.894,3230.218
usp000cshv,2004-04-15 08:22:58.920000+00:00,2.2,mblg,30.5,28.076,-16.167,176.931,1405.416
usp000ct27,2004-04-21 16:36:31.220000+00:00,1.8,mblg,29.0,28.071,-16.305,164.477,2070.64
usp000ct2d,2004-04-21 18:05:20.130000+00:00,2.2,mblg,9.5,28.304,-16.644,124.512,989.037
usp000ct35,2004-04-22 02:14:53.290000+00:00,1.5,mblg,12.0,28.302,-16.684,120.82,2148.511
usp000ct7r,2004-04-23 18:20:18.680000+00:00,1.7,mblg,0.0,28.051,-16.194,175.435,2478.087
usp000ctc1,2004-04-25 05:35:10.710000+00:00,1.8,mblg,0.0,28.204,-16.71,122.07,1536.768
usp000ctpq,2004-04-28 21:42:42.740000+00:00,1.9,mblg,32.0,27.717,-18.164,103.922,1166.026
usp000ctss,2004-04-30 00:34:02.750000+00:00,1.3,mblg,0.0,28.157,-16.196,171.317,3835.304
usp000ctsw,2004-04-30 01:14:27.860000+00:00,1.6,mblg,16.8,28.162,-16.253,165.821,2628.08
usp000ctu8,2004-04-30 10:46:01.860000+00:00,2.3,mblg,0.0,28.144,-16.14,176.994,1253.018
usp000cu1w,2004-05-03 02:53:02.400000+00:00,2.2,mblg,18.1,27.79,-18.089,94.176,748.07
usp000cu3w,2004-05-03 22:41:30.860000+00:00,2.1,mblg,36.5,27.685,-18.104,105.898,943.819
usp000cu4c,2004-05-04 03:24:29.490000+00:00,2.0,mblg,11.3,28.302,-16.68,121.195,1211.947
usp000cucx,2004-05-07 18:09:32.480000+00:00,2.0,mblg,0.0,27.936,-18.071,77.98,779.8
usp000cusg,2004-05-11 20:31:11.240000+00:00,3.0,mblg,2.7,28.344,-16.732,115.001,363.664
usp000cutj,2004-05-12 03:47:16.680000+00:00,1.5,mblg,15.8,28.134,-16.219,169.969,3022.527
usp000cuww,2004-05-13 06:01:15.210000+00:00,2.2,mblg,26.5,28.044,-16.159,178.923,1421.233
usp000cv97,2004-05-16 23:51:26.920000+00:00,1.0,mblg,13.1,28.255,-16.662,124.484,3936.533
usp000cvah,2004-05-17 07:31:16.060000+00:00,1.5,mblg,0.0,28.329,-16.692,119.224,2120.13
usp000cvaj,2004-05-17 07:32:50.850000+00:00,2.1,mblg,4.7,28.314,-16.726,116.493,1038.243
usp000cvcb,2004-05-17 20:17:31.610000+00:00,1.5,mblg,0.0,28.141,-16.136,177.469,3155.89
usp000cvh3,2004-05-19 01:43:31.030000+00:00,2.1,mblg,0.0,28.171,-16.119,178.085,1587.186
usp000cvnj,2004-05-20 09:32:14.140000+00:00,1.7,mblg,0.0,27.947,-18.064,76.621,1082.298
usp000cw20,2004-05-24 04:02:58.130000+00:00,2.6,mblg,14.1,28.081,-16.184,175.172,877.94
usp000cw62,2004-05-25 10:13:08.140000+00:00,1.8,mblg,0.0,28.111,-16.143,177.858,2239.094
usp000cwrt,2004-05-31 20:13:42.300000+00:00,1.9,mblg,6.7,28.09,-16.245,169.206,1898.527
usp000cx0t,2004-06-03 19:06:26.180000+00:00,1.7,mblg,0.0,28.173,-16.114,178.493,2521.281
usp000cyv7,2004-06-26 12:50:28.840000+00:00,3.8,m,58.8,29.085,-16.284,163.02,205.23
usp000cz69,2004-06-29 20:40:30.220000+00:00,1.3,mblg,29.5,28.006,-16.27,170.453,3815.962
usp000d098,2004-07-16 09:31:22.930000+00:00,3.4,mblg,17.3,28.092,-15.028,284.074,566.803
usp000d0eb,2004-07-18 14:36:35.160000+00:00,2.5,mblg,36.9,27.639,-15.424,263.177,1479.953
usp000d5hh,2004-10-01 15:18:00.080000+00:00,2.9,mblg,18.5,27.955,-15.204,271.1,961.901
usp000d8qe,2004-11-18 14:42:28.990000+00:00,2.5,mblg,0.0,29.534,-17.827,102.595,576.936
usp000dgk9,2005-02-20 12:43:13.200000+00:00,2.5,mblg,0.0,28.056,-16.242,170.843,960.722
usp000dgvv,2005-02-24 14:56:15.520000+00:00,2.6,mblg,31.9,28.151,-15.987,191.145,957.996
usp000dj5v,2005-03-14 05:03:39.580000+00:00,2.6,mblg,0.0,29.148,-14.476,335.819,1683.081
usp000dks8,2005-03-31 07:41:44.890000+00:00,4.3,m,7.8,32.098,-16.762,402.187,284.727
usp000dkux,2005-03-31 22:24:40.140000+00:00,2.8,m,28.4,28.192,-16.155,174.04,692.865
usp000dp3q,2005-04-24 04:18:21.330000+00:00,2.6,mblg,37.9,27.79,-15.011,294.75,1477.252
usp000dp7u,2005-04-25 21:14:35.130000+00:00,2.5,mblg,4.4,28.133,-16.195,172.238,968.565
usp000dq4w,2005-05-07 13:50:27.250000+00:00,2.5,mblg,15.3,28.079,-16.177,175.894,989.126
usp000drmz,2005-05-26 22:30:31.520000+00:00,4.4,m,30.0,32.28,-16.869,419.276,264.545
usp000ds34,2005-06-02 19:27:58.400000+00:00,3.8,m,0.0,31.194,-16.632,311.031,391.564
usp000dtue,2005-06-24 16:56:04.880000+00:00,2.7,mblg,23.1,28.055,-16.217,173.169,773.515
usp000du6m,2005-06-30 01:01:02.320000+00:00,2.8,m,68.4,28.996,-16.518,138.298,550.573
usp000dujk,2005-07-05 04:36:24.640000+00:00,4.5,m,0.0,31.926,-19.79,412.53,231.983
usp000dxu6,2005-08-22 07:05:03.040000+00:00,2.8,m,41.2,28.18,-16.224,167.93,668.543
usp000dyks,2005-09-02 15:14:10.620000+00:00,2.7,mblg,7.3,28.056,-16.248,170.296,760.682
usp000dz5a,2005-09-10 03:38:52.070000+00:00,3.2,m,26.7,32.711,-15.245,520.642,1307.795
usp000dzm2,2005-09-17 16:23:32.880000+00:00,2.8,mblg,21.3,28.03,-16.15,180.313,717.839
usp000e4pk,2005-11-22 05:20:54.990000+00:00,2.6,mblg,0.0,29.443,-14.676,324.01,1623.895
usp000e4q0,2005-11-22 11:32:22.630000+00:00,4.1,m,38.6,28.584,-16.708,113.299,100.977
usp000e5pu,2005-12-07 06:02:00.660000+00:00,3.9,m,77.5,29.458,-16.765,142.638,160.043
usp000e7wk,2006-01-09 03:49:08.500000+00:00,3.8,m,0.0,31.757,-16.912,361.835,455.524
usp000e7za,2006-01-10 12:00:20.780000+00:00,4.2,m,0.0,31.87,-16.782,377.265,299.672
usp000e82d,2006-01-11 23:09:56.600000+00:00,4.2,m,0.0,31.675,-16.88,353.838,281.064
usp000e82s,2006-01-12 04:12:13.530000+00:00,4.1,mb,10.0,32.044,-16.782,395.89,352.838
usp000eayc,2006-02-27 01:28:55.270000+00:00,2.5,mblg,7.4,27.939,-17.868,75.031,421.932
usp000ec7s,2006-03-15 17:03:42.950000+00:00,4.1,m,59.9,28.978,-16.76,115.358,102.813
usp000ed3d,2006-03-28 00:17:36.330000+00:00,3.4,m,52.1,29.096,-14.77,306.667,611.882
usp000eg0w,2006-05-02 01:27:55.290000+00:00,2.9,m,44.8,27.625,-15.626,245.95,872.665
usp000ehnj,2006-05-22 00:07:43.160000+00:00,4.0,mb,23.1,32.588,-13.326,620.41,620.41
usp000ej58,2006-05-28 09:50:47.430000+00:00,2.5,mblg,24.5,28.103,-16.246,168.613,948.178
usp000ejd3,2006-05-31 19:32:13.570000+00:00,2.7,m,41.6,28.617,-15.237,256.98,1147.885
usp000eknd,2006-06-17 21:31:44.190000+00:00,3.1,m,0.0,29.661,-14.94,307.544,866.778
usp000emvq,2006-07-04 03:07:30.390000+00:00,2.6,m,16.9,28.02,-16.26,170.735,855.701
usp000eqpt,2006-08-11 06:17:07.890000+00:00,3.8,m,0.0,32.939,-17.053,487.806,614.111
usp000eqx7,2006-08-14 12:47:58.790000+00:00,2.5,mblg,22.0,28.071,-16.946,108.528,610.297
usp000eucp,2006-10-02 23:45:18.170000+00:00,2.8,m,48.6,28.143,-16.134,177.589,706.993
usp000eud8,2006-10-03 04:52:51.230000+00:00,2.5,mblg,0.0,28.355,-14.614,319.544,1796.929
usp000evbh,2006-10-16 21:05:27.710000+00:00,2.5,m,72.3,28.629,-16.353,147.928,831.859
usp000ewg0,2006-11-02 12:05:20.890000+00:00,2.7,m,66.2,28.986,-16.327,155.834,696.083
usp000eynr,2006-11-23 22:15:20.390000+00:00,2.8,m,0.0,28.85,-14.422,337.275,1342.715
usp000f0rs,2006-12-22 00:30:51.850000+00:00,2.6,mblg,28.8,27.94,-15.046,286.493,1435.867
usp000f1ke,2007-01-02 21:32:16.930000+00:00,2.4,mblg,0.0,28.08,-16.268,167.491,1056.794
usp000f1sp,2007-01-06 01:41:34.270000+00:00,2.7,m,59.2,28.943,-16.294,157.787,704.807
usp000f9g3,2007-04-12 02:19:52.260000+00:00,3.3,m,55.0,27.897,-15.448,250.199,560.127
usp000fda4,2007-06-03 17:48:31.860000+00:00,3.1,mblg,25.2,28.05,-16.193,175.567,494.815
usp000feny,2007-06-23 20:00:52.870000+00:00,4.4,m,0.0,28.215,-21.073,317.021,200.026
usp000ffcb,2007-07-03 11:39:53.600000+00:00,4.1,m,47.3,30.778,-16.108,294.956,262.879
usp000fgfc,2007-07-17 18:28:48.700000+00:00,4.3,m,29.9,32.663,-13.451,618.025,437.528
usp000fhmx,2007-08-02 02:09:01.340000+00:00,2.6,mblg,32.0,27.924,-18.07,79.247,397.177
usp000fj22,2007-08-06 21:40:34.650000+00:00,3.1,m,69.8,30.185,-15.886,259.844,732.339
usp000fkqg,2007-08-26 09:16:53.970000+00:00,3.1,mblg,0.0,27.782,-20.448,269.601,759.838
usp000fnr5,2007-09-20 01:26:11.100000+00:00,2.6,mblg,22.8,28.103,-16.139,178.517,894.704
usp000fppf,2007-10-02 04:02:04.110000+00:00,2.6,mblg,0.0,29.532,-15.0,297.072,1488.888
usp000fpws,2007-10-05 02:19:40.350000+00:00,2.8,mblg,28.6,28.064,-16.155,178.5,710.622
usp000fpye,2007-10-05 17:31:59.140000+00:00,4.6,mb,26.1,27.548,-17.265,132.47,66.393
usp000fr9f,2007-10-26 06:30:58.120000+00:00,2.5,mblg,29.3,28.093,-16.143,178.511,1003.84
usp000frcm,2007-10-27 11:32:14.370000+00:00,2.9,mblg,0.0,28.094,-16.154,177.455,629.633
usp000fs55,2007-11-07 22:48:00.460000+00:00,2.7,mblg,23.2,28.115,-16.232,169.454,756.925
usp000fuw4,2007-12-20 11:02:48.330000+00:00,2.7,mblg,33.2,27.884,-15.481,247.618,1106.071
usp000fvdr,2007-12-27 18:05:34.370000+00:00,3.0,mblg,0.0,28.113,-16.167,175.555,555.154
usp000fw5r,2008-01-07 06:42:48.660000+00:00,2.7,mblg,31.7,28.08,-16.211,172.724,771.53
usp000fwt3,2008-01-15 23:15:58.520000+00:00,2.8,mblg,24.0,28.219,-16.391,150.995,601.122
usp000fy0y,2008-02-02 22:23:33.650000+00:00,3.8,m,1.7,33.029,-15.24,551.943,694.856
usp000g1hd,2008-03-15 05:09:53.660000+00:00,3.4,m,54.9,28.195,-15.309,254.729,508.252
usp000g35w,2008-04-05 19:00:38.020000+00:00,3.1,m,68.9,29.831,-15.01,308.871,870.515
usp000g6h7,2008-05-13 07:45:29.590000+00:00,3.5,mblg,30.3,28.437,-16.014,182.264,324.116
usp000g7s0,2008-05-25 16:37:28.870000+00:00,2.7,m,76.0,29.403,-15.907,210.076,938.376
usp000gats,2008-06-28 07:15:30.940000+00:00,3.2,m,41.0,28.025,-15.283,261.515,656.896
usp000gbvp,2008-07-11 02:07:52.190000+00:00,4.3,m,0.0,32.773,-13.823,603.433,427.198
usp000gcs6,2008-07-21 02:39:23.620000+00:00,4.1,m,0.0,32.411,-16.264,449.841,400.921
usp000gfby,2008-08-23 21:31:45.670000+00:00,4.1,m,0.0,28.448,-20.814,288.821,257.412
usp000gh62,2008-09-16 20:33:28.130000+00:00,2.6,mblg,0.0,27.551,-15.443,265.777,1332.04
usp000gr3r,2008-12-21 12:05:04.980000+00:00,4.2,mb,10.0,26.686,-14.315,410.663,326.202
usp000gz5z,2009-07-12 22:19:10.700000+00:00,4.4,m,10.0,28.021,-21.555,367.384,231.804
us2013ngb8,2013-03-27 15:07:56+00:00,4.6,mb,19.0,27.716,-18.263,107.16,53.707
usp000jzz9,2013-03-29 09:41:48.670000+00:00,4.1,mb,17.0,27.692,-18.249,109.176,97.303
usb000fvqw,2013-03-29 17:01:20.480000+00:00,4.7,mb,10.0,27.591,-18.283,120.889,53.999
usb000g5kk,2013-04-11 15:26:36.130000+00:00,4.1,mblg,18.8,27.73,-18.274,106.11,94.571
usc000lst3,2013-12-27 17:46:03.420000+00:00,5.4,mb,7.48,27.7975,-18.2868,99.697,19.892
usc000sv3q,2014-11-06 17:36:53.020000+00:00,3.9,ml,23.8,32.8741,-13.17,653.222,732.927
us2000j5kz,2019-01-18 06:36:50.660000+00:00,4.4,mb,10.0,28.2989,-15.9541,190.426,120.151
us70005lmr,2019-09-26 13:02:08.806000+00:00,4.8,mb,10.0,27.9754,-20.1771,237.316,94.477
us60008brw,2020-03-07 20:58:04.107000+00:00,5.3,mww,4.72,32.3998,-16.8207,433.305,97.005
us60008g09,2020-03-15 10:08:16.707000+00:00,3.8,ml,10.0,32.236,-16.8155,415.73,523.373
us7000fpu4,2021-10-26 16:25:33.055000+00:00,4.6,mb,10.0,28.4947,-17.8688,13.173,6.602
us7000ft4n,2021-11-11 03:37:55.185000+00:00,4.3,mb,35.0,28.5877,-17.9297,6.768,4.791
us7000fv4s,2021-11-13 06:55:57.402000+00:00,4.2,mb,10.0,28.6606,-17.8628,5.311,4.218
us7000fvbu,2021-11-19 01:08:43.667000+00:00,4.2,mb,35.0,28.558,-17.8204,7.618,6.051
us7000fxa4,2021-11-23 01:03:24.298000+00:00,4.6,mb,10.0,28.696,-17.6878,19.771,9.909
us7000gfav,2022-01-18 13:45:15.259000+00:00,4.6,mb,10.0,26.7104,-14.3502,406.253,203.609
us7000gl7h,2022-02-16 04:32:38.527000+00:00,4.9,mb,11.68,32.3503,-16.9067,426.095,151.184
us7000h10z,2022-04-09 09:45:25.670000+00:00,4.4,mb,16.8,32.5125,-16.7904,446.168,281.513
